"Title","Phone Number","Treatment","Destination","Status","Domain"
"sip:16023535435@*","16023535435","User","100@BrighterWayDental.sol","yes","BrighterWayDental.sol"
"sip:16023620712@*","16023620712","User","301@BrighterWayDental.sol","yes","BrighterWayDental.sol"
"sip:16024179809@*","16024179809","User","101@BrighterWayDental.sol","yes","BrighterWayDental.sol"
"sip:16028610100@*","16028610100","User","102@BrighterWayDental.sol","yes","BrighterWayDental.sol"
"sip:16028701705@*","16028701705","User","103@BrighterWayDental.sol","yes","BrighterWayDental.sol"
"sip:16028709885@*","16028709885","User","104@BrighterWayDental.sol","yes","BrighterWayDental.sol"
"sip:15023991532@*","15023991532","User","299@CASS.sol","yes","CASS.sol"
"sip:16022566945@*","16022566945","User","100@CASS.sol","yes","CASS.sol"
"sip:16022566963@*","16022566963","User","6963@CASS.sol","yes","CASS.sol"
"sip:16023620660@*","16023620660","User","1012@CASS.sol","yes","CASS.sol"
"sip:16023620661@*","16023620661","User","1003@CASS.sol","yes","CASS.sol"
"sip:16023620662@*","16023620662","User","1004@CASS.sol","yes","CASS.sol"
"sip:16023620663@*","16023620663","User","1007@CASS.sol","yes","CASS.sol"
"sip:16023620664@*","16023620664","User","1402@CASS.sol","yes","CASS.sol"
"sip:16023620665@*","16023620665","User","1010@CASS.sol","yes","CASS.sol"
"sip:16023620666@*","16023620666","User","1011@CASS.sol","yes","CASS.sol"
"sip:16023620667@*","16023620667","User","1013@CASS.sol","yes","CASS.sol"
"sip:16023620668@*","16023620668","User","1014@CASS.sol","yes","CASS.sol"
"sip:16023620669@*","16023620669","User","1017@CASS.sol","yes","CASS.sol"
"sip:16023620670@*","16023620670","User","1018@CASS.sol","yes","CASS.sol"
"sip:16023620671@*","16023620671","User","1019@CASS.sol","yes","CASS.sol"
"sip:16023620672@*","16023620672","User","1020@CASS.sol","yes","CASS.sol"
"sip:16023620673@*","16023620673","User","1027@CASS.sol","yes","CASS.sol"
"sip:16023620674@*","16023620674","User","1030@CASS.sol","yes","CASS.sol"
"sip:16023620675@*","16023620675","User","1031@CASS.sol","yes","CASS.sol"
"sip:16023620676@*","16023620676","User","1100@CASS.sol","yes","CASS.sol"
"sip:16023620677@*","16023620677","User","308@CASS.sol","yes","CASS.sol"
"sip:16023620678@*","16023620678","User","1103@CASS.sol","yes","CASS.sol"
"sip:16023620679@*","16023620679","User","1104@CASS.sol","yes","CASS.sol"
"sip:16023620680@*","16023620680","User","1105@CASS.sol","yes","CASS.sol"
"sip:16023620682@*","16023620682","User","1112@CASS.sol","yes","CASS.sol"
"sip:16023620683@*","16023620683","User","1200@CASS.sol","yes","CASS.sol"
"sip:16023620684@*","16023620684","User","1310@CASS.sol","yes","CASS.sol"
"sip:16023620685@*","16023620685","User","1202@CASS.sol","yes","CASS.sol"
"sip:16023620686@*","16023620686","User","1204@CASS.sol","yes","CASS.sol"
"sip:16023620687@*","16023620687","User","1205@CASS.sol","yes","CASS.sol"
"sip:16023620688@*","16023620688","User","1300@CASS.sol","yes","CASS.sol"
"sip:16023620689@*","16023620689","User","1303@CASS.sol","yes","CASS.sol"
"sip:16023620690@*","16023620690","User","1304@CASS.sol","yes","CASS.sol"
"sip:16023620691@*","16023620691","User","1308@CASS.sol","yes","CASS.sol"
"sip:16023620692@*","16023620692","User","2211@CASS.sol","yes","CASS.sol"
"sip:16023620693@*","16023620693","User","1503@CASS.sol","yes","CASS.sol"
"sip:16023620694@*","16023620694","User","1309@CASS.sol","yes","CASS.sol"
"sip:16023620695@*","16023620695","User","1400@CASS.sol","yes","CASS.sol"
"sip:16023620696@*","16023620696","User","1311@CASS.sol","yes","CASS.sol"
"sip:16023620697@*","16023620697","User","1407@CASS.sol","yes","CASS.sol"
"sip:16023620698@*","16023620698","User","1601@CASS.sol","yes","CASS.sol"
"sip:16023620699@*","16023620699","User","1704@CASS.sol","yes","CASS.sol"
"sip:16023620700@*","16023620700","User","1705@CASS.sol","yes","CASS.sol"
"sip:16023620701@*","16023620701","User","1715@CASS.sol","yes","CASS.sol"
"sip:16023620702@*","16023620702","User","1717@CASS.sol","yes","CASS.sol"
"sip:16023620703@*","16023620703","User","1720@CASS.sol","yes","CASS.sol"
"sip:16023620704@*","16023620704","User","1722@CASS.sol","yes","CASS.sol"
"sip:16023620705@*","16023620705","User","1723@CASS.sol","yes","CASS.sol"
"sip:16023620706@*","16023620706","User","1724@CASS.sol","yes","CASS.sol"
"sip:16023620707@*","16023620707","User","1725@CASS.sol","yes","CASS.sol"
"sip:16023620708@*","16023620708","User","1801@CASS.sol","yes","CASS.sol"
"sip:16023620709@*","16023620709","User","1802@CASS.sol","yes","CASS.sol"
"sip:16023620713@*","16023620713","User","4003@CASS.sol","yes","CASS.sol"
"sip:16023620714@*","16023620714","User","4004@CASS.sol","no","CASS.sol"
"sip:16023620715@*","16023620715","User","1201@CASS.sol","yes","CASS.sol"
"sip:16023620716@*","16023620716","User","4006@CASS.sol","yes","CASS.sol"
"sip:16023620717@*","16023620717","User","1705@CASS.sol","yes","CASS.sol"
"sip:16023620718@*","16023620718","User","2004@CASS.sol","yes","CASS.sol"
"sip:16023620719@*","16023620719","User","2214@CASS.sol","yes","CASS.sol"
"sip:16023620720@*","16023620720","User","1006@CASS.sol","yes","CASS.sol"
"sip:16023620721@*","16023620721","User","2107@CASS.sol","yes","CASS.sol"
"sip:16023620722@*","16023620722","User","2101@CASS.sol","yes","CASS.sol"
"sip:16023620723@*","16023620723","User","2212@CASS.sol","yes","CASS.sol"
"sip:16023620724@*","16023620724","User","2213@CASS.sol","yes","CASS.sol"
"sip:16023620725@*","16023620725","User","1008@CASS.sol","yes","CASS.sol"
"sip:16023620726@*","16023620726","User","@CASS.sol","no","CASS.sol"
"sip:16023620727@*","16023620727","User","1501@CASS.sol","yes","CASS.sol"
"sip:16023620728@*","16023620728","Available",,"no","CASS.sol"
"sip:16023620729@*","16023620729","User","1503@CASS.sol","yes","CASS.sol"
"sip:16023620730@*","16023620730","User","1504@CASS.sol","yes","CASS.sol"
"sip:16023620731@*","16023620731","User","1505@CASS.sol","yes","CASS.sol"
"sip:16023620732@*","16023620732","User","1001@CASS.sol","yes","CASS.sol"
"sip:16023620733@*","16023620733","User","101@CASS.sol","yes","CASS.sol"
"sip:16023620734@*","16023620734","User","1508@CASS.sol","yes","CASS.sol"
"sip:16023620737@*","16023620737","User","2210@CASS.sol","yes","CASS.sol"
"sip:16023620740@*","16023620740","User","@CASS.sol","no","CASS.sol"
"sip:16023620741@*","16023620741","User","2000@CASS.sol","yes","CASS.sol"
"sip:16023620742@*","16023620742","User","2003@CASS.sol","yes","CASS.sol"
"sip:16024179800@*","16024179800","User","2216@CASS.sol","yes","CASS.sol"
"sip:16027263101@*","16027263101","Available",,"yes","CASS.sol"
"sip:16028708778@*","16028708778","User","200@CASS.sol","yes","CASS.sol"
"sip:16029440960@*","16029440960","User","2001@CASS.sol","yes","CASS.sol"
"sip:16234556533@*","16234556533","User","6533@CASS.sol","yes","CASS.sol"
"sip:16022820860@*","16022820860","User","1001@CASSHaven.sol","yes","CASSHaven.sol"
"sip:16023620681@*","16023620681","User","2000@CASSHaven.sol","yes","CASSHaven.sol"
"sip:16023620711@*","16023620711","User","1002@CASSHaven.sol","yes","CASSHaven.sol"
"sip:16023620735@*","16023620735","User","1006@CASSHaven.sol","yes","CASSHaven.sol"
"sip:16023620736@*","16023620736","User","1008@CASSHaven.sol","yes","CASSHaven.sol"
"sip:16023620738@*","16023620738","User","1027@CASSHaven.sol","yes","CASSHaven.sol"
"sip:16023620739@*","16023620739","User","1037@CASSHaven.sol","yes","CASSHaven.sol"
"sip:15023991530@*","15023991530","User","998@Crux.sol","yes","Crux.sol"
"sip:15023991534@*","15023991534","Available",,"yes","Crux.sol"
"sip:15023991536@*","15023991536","Available",,"yes","Crux.sol"
"sip:15126728783@*","15126728783","User","@Crux.sol","no","Crux.sol"
"sip:18006856440@*","18006856440","User","998@Crux.sol","yes","Crux.sol"
"sip:18174150044@*","18174150044","User","100@Crux.sol","yes","Crux.sol"
"sip:18174150047@*","18174150047","User","101@Crux.sol","yes","Crux.sol"
"sip:18177667948@*","18177667948","Available",,"yes","Crux.sol"
"sip:18177667951@*","18177667951","User","114@Crux.sol","yes","Crux.sol"
"sip:18177667952@*","18177667952","User","117@Crux.sol","yes","Crux.sol"
"sip:18177667953@*","18177667953","User","102@Crux.sol","yes","Crux.sol"
"sip:18177667954@*","18177667954","User","103@Crux.sol","yes","Crux.sol"
"sip:18177667955@*","18177667955","User","113@Crux.sol","yes","Crux.sol"
"sip:18177667956@*","18177667956","User","122@Crux.sol","yes","Crux.sol"
"sip:18177667957@*","18177667957","Available",,"yes","Crux.sol"
"sip:18177965864@*","18177965864","User","107@Crux.sol","yes","Crux.sol"
"sip:18177965865@*","18177965865","User","110@Crux.sol","yes","Crux.sol"
"sip:18177965866@*","18177965866","Available",,"yes","Crux.sol"
"sip:18177965867@*","18177965867","User","124@Crux.sol","yes","Crux.sol"
"sip:18177965868@*","18177965868","User","120@Crux.sol","yes","Crux.sol"
"sip:18177965869@*","18177965869","User","112@Crux.sol","yes","Crux.sol"
"sip:18177965870@*","18177965870","User","118@Crux.sol","yes","Crux.sol"
"sip:18177965871@*","18177965871","User","104@Crux.sol","yes","Crux.sol"
"sip:18177965872@*","18177965872","User","105@Crux.sol","yes","Crux.sol"
"sip:18177965873@*","18177965873","User","106@Crux.sol","yes","Crux.sol"
"sip:18177966045@*","18177966045","Available",,"yes","Crux.sol"
"sip:18177966566@*","18177966566","User","111@Crux.sol","yes","Crux.sol"
"sip:18177966679@*","18177966679","User","119@Crux.sol","yes","Crux.sol"
"sip:18177966719@*","18177966719","User","127@Crux.sol","yes","Crux.sol"
"sip:18177966833@*","18177966833","User","116@Crux.sol","yes","Crux.sol"
"sip:18177966858@*","18177966858","User","199@Crux.sol","yes","Crux.sol"
"sip:18445843739@*","18445843739","User","997@Crux.sol","yes","Crux.sol"
"sip:19182093184@*","19182093184","Available",,"yes","Crux.sol"
"sip:19182093592@*","19182093592","Available",,"yes","Crux.sol"
"sip:19182093653@*","19182093653","Available",,"yes","Crux.sol"
"sip:19182093832@*","19182093832","User","109@Crux.sol","yes","Crux.sol"
"sip:19183886062@*","19183886062","User","126@Crux.sol","yes","Crux.sol"
"sip:19187200251@*","19187200251","Available",,"yes","Crux.sol"
"sip:19187200263@*","19187200263","User","108@Crux.sol","yes","Crux.sol"
"sip:19402261548@*","19402261548","User","100@Demo.sol","yes","Demo.sol"
"sip:12542219663@*","12542219663","User","198@FSHC_Whitney.sol","yes","FSHC_Whitney.sol"
"sip:12542219665@*","12542219665","User","198@FSHC_Whitney.sol","yes","FSHC_Whitney.sol"
"sip:12546942233@*","12546942233","User","198@FSHC_Whitney.sol","yes","FSHC_Whitney.sol"
"sip:12548638651@*","12548638651","User","198@FSHC_Whitney.sol","yes","FSHC_Whitney.sol"
"sip:15023991538@*","15023991538","User","198@FSHC_Whitney.sol","yes","FSHC_Whitney.sol"
"sip:17124147001@*","17124147001","User","198@FSHC_Whitney.sol","yes","FSHC_Whitney.sol"
"sip:19725320400@*","19725320400","User","19723039000@FSHC_Whitney.sol","yes","FSHC_Whitney.sol"
"sip:15023991533@*","15023991533","User","15023991533@GSDD.sol","yes","GSDD.sol"
"sip:15023991537@*","15023991537","User","7002@GSDD.sol","yes","GSDD.sol"
"sip:15023991543@*","15023991543","User","7000@GSDD.sol","yes","GSDD.sol"
"sip:17326697227@*","17326697227","User","17326697227@GSDD.sol","yes","GSDD.sol"
"sip:17328076304@*","17328076304","User","7006@GSDD.sol","yes","GSDD.sol"
"sip:19732459008@*","19732459008","User","8000@GSDD.sol","yes","GSDD.sol"
"sip:15023991531@*","15023991531","User","222@HSC.sol","yes","HSC.sol"
"sip:15023991535@*","15023991535","User","223@HSC.sol","yes","HSC.sol"
"sip:15023991545@*","15023991545","User","125@HSC.sol","yes","HSC.sol"
"sip:15023991546@*","15023991546","User","135@HSC.sol","yes","HSC.sol"
"sip:15023991547@*","15023991547","User","134@HSC.sol","yes","HSC.sol"
"sip:15023991548@*","15023991548","User","132@HSC.sol","yes","HSC.sol"
"sip:15023991549@*","15023991549","User","123@HSC.sol","yes","HSC.sol"
"sip:15023991560@*","15023991560","User","137@HSC.sol","yes","HSC.sol"
"sip:15023991561@*","15023991561","User","131@HSC.sol","yes","HSC.sol"
"sip:15023991562@*","15023991562","User","820@HSC.sol","yes","HSC.sol"
"sip:15023991563@*","15023991563","User","115@HSC.sol","yes","HSC.sol"
"sip:15023991564@*","15023991564","User","128@HSC.sol","yes","HSC.sol"
"sip:15023991565@*","15023991565","User","105@HSC.sol","yes","HSC.sol"
"sip:15023991566@*","15023991566","User","118@HSC.sol","yes","HSC.sol"
"sip:15023991567@*","15023991567","User","120@HSC.sol","yes","HSC.sol"
"sip:15023991568@*","15023991568","User","829@HSC.sol","yes","HSC.sol"
"sip:15023991569@*","15023991569","User","135@HSC.sol","yes","HSC.sol"
"sip:15023991570@*","15023991570","User","133@HSC.sol","yes","HSC.sol"
"sip:15023991571@*","15023991571","User","210@HSC.sol","yes","HSC.sol"
"sip:15023991572@*","15023991572","User","835@HSC.sol","yes","HSC.sol"
"sip:15023991573@*","15023991573","User","204@HSC.sol","yes","HSC.sol"
"sip:15023991574@*","15023991574","User","139@HSC.sol","yes","HSC.sol"
"sip:16022817967@*","16022817967","User","830@HSC.sol","yes","HSC.sol"
"sip:16022818625@*","16022818625","User","147@HSC.sol","yes","HSC.sol"
"sip:16022818628@*","16022818628","User","136@HSC.sol","yes","HSC.sol"
"sip:16022820828@*","16022820828","User","127@HSC.sol","yes","HSC.sol"
"sip:16022820829@*","16022820829","User","829@HSC.sol","yes","HSC.sol"
"sip:16022820832@*","16022820832","User","112@HSC.sol","yes","HSC.sol"
"sip:16022820835@*","16022820835","User","141@HSC.sol","yes","HSC.sol"
"sip:16022820839@*","16022820839","User","108@HSC.sol","yes","HSC.sol"
"sip:16022820840@*","16022820840","User","104@HSC.sol","yes","HSC.sol"
"sip:16022820841@*","16022820841","User","111@HSC.sol","yes","HSC.sol"
"sip:16022820842@*","16022820842","User","105@HSC.sol","yes","HSC.sol"
"sip:16022820843@*","16022820843","User","107@HSC.sol","yes","HSC.sol"
"sip:16022820844@*","16022820844","User","130@HSC.sol","yes","HSC.sol"
"sip:16022820845@*","16022820845","User","117@HSC.sol","yes","HSC.sol"
"sip:16022820846@*","16022820846","User","138@HSC.sol","yes","HSC.sol"
"sip:16022820847@*","16022820847","User","150@HSC.sol","yes","HSC.sol"
"sip:16022820848@*","16022820848","User","110@HSC.sol","yes","HSC.sol"
"sip:16022820849@*","16022820849","User","149@HSC.sol","yes","HSC.sol"
"sip:16022820850@*","16022820850","User","118@HSC.sol","yes","HSC.sol"
"sip:16022820851@*","16022820851","User","102@HSC.sol","yes","HSC.sol"
"sip:16022820852@*","16022820852","User","119@HSC.sol","yes","HSC.sol"
"sip:16022820853@*","16022820853","User","831@HSC.sol","yes","HSC.sol"
"sip:16022820854@*","16022820854","User","120@HSC.sol","yes","HSC.sol"
"sip:16022820855@*","16022820855","User","103@HSC.sol","yes","HSC.sol"
"sip:16022820856@*","16022820856","User","109@HSC.sol","yes","HSC.sol"
"sip:16022820857@*","16022820857","User","101@HSC.sol","yes","HSC.sol"
"sip:16022820858@*","16022820858","User","116@HSC.sol","yes","HSC.sol"
"sip:16022820859@*","16022820859","User","836@HSC.sol","yes","HSC.sol"
"sip:16022830213@*","16022830213","User","106@HSC.sol","yes","HSC.sol"
"sip:16023620710@*","16023620710","User","837@HSC.sol","yes","HSC.sol"
"sip:16025628070@*","16025628070","User","140@HSC.sol","yes","HSC.sol"
"sip:16025628081@*","16025628081","User","200@HSC.sol","yes","HSC.sol"
"sip:16025628082@*","16025628082","User","151@HSC.sol","yes","HSC.sol"
"sip:16025628083@*","16025628083","User","202@HSC.sol","yes","HSC.sol"
"sip:16025628084@*","16025628084","User","203@HSC.sol","yes","HSC.sol"
"sip:16028055106@*","16028055106","User","200@HSC.sol","yes","HSC.sol"
"sip:16028348729@*","16028348729","User","221@HSC.sol","yes","HSC.sol"
"sip:16028348730@*","16028348730","User","206@HSC.sol","yes","HSC.sol"
"sip:16028348731@*","16028348731","User","207@HSC.sol","yes","HSC.sol"
"sip:16028348732@*","16028348732","User","209@HSC.sol","yes","HSC.sol"
"sip:16028834486@*","16028834486","User","125@HSC.sol","yes","HSC.sol"
"sip:16028834487@*","16028834487","User","129@HSC.sol","yes","HSC.sol"
"sip:16028834489@*","16028834489","User","134@HSC.sol","yes","HSC.sol"
"sip:16028834490@*","16028834490","User","132@HSC.sol","yes","HSC.sol"
"sip:16028834509@*","16028834509","User","133@HSC.sol","yes","HSC.sol"
"sip:16028834510@*","16028834510","User","137@HSC.sol","yes","HSC.sol"
"sip:16028834511@*","16028834511","User","131@HSC.sol","yes","HSC.sol"
"sip:16028834522@*","16028834522","User","205@HSC.sol","yes","HSC.sol"
"sip:16028834531@*","16028834531","User","152@HSC.sol","yes","HSC.sol"
"sip:15023991576@*","15023991576","User","15023991576@Romine.sol","yes","Romine.sol"
"sip:15023991577@*","15023991577","Available",,"yes","Romine.sol"
"sip:15023991578@*","15023991578","Available",,"yes","Romine.sol"
"sip:15023991579@*","15023991579","Available",,"yes","Romine.sol"
"sip:16022818618@*","16022818618","Available",,"yes","Romine.sol"
"sip:16022820607@*","16022820607","User","16022820607@Romine.sol","yes","Romine.sol"
"sip:16022820815@*","16022820815","User","100@Romine.sol","yes","Romine.sol"
"sip:18172906540@*","18172906540","User","100@Romine.sol","yes","Romine.sol"
"sip:18172906541@*","18172906541","User","101@Romine.sol","yes","Romine.sol"
"sip:18172906542@*","18172906542","User","102@Romine.sol","yes","Romine.sol"
"sip:18172906543@*","18172906543","User","103@Romine.sol","yes","Romine.sol"
"sip:18172906544@*","18172906544","User","18172906544@Romine.sol","yes","Romine.sol"
"sip:18172906545@*","18172906545","User","105@Romine.sol","yes","Romine.sol"
"sip:18172906546@*","18172906546","User","106@Romine.sol","yes","Romine.sol"
"sip:18172906547@*","18172906547","User","107@Romine.sol","yes","Romine.sol"
"sip:18172906548@*","18172906548","User","108@Romine.sol","yes","Romine.sol"
"sip:18172906549@*","18172906549","User","109@Romine.sol","yes","Romine.sol"
"sip:18172906550@*","18172906550","User","110@Romine.sol","yes","Romine.sol"
"sip:18172906551@*","18172906551","User","111@Romine.sol","yes","Romine.sol"
"sip:18172906552@*","18172906552","User","112@Romine.sol","yes","Romine.sol"
"sip:18172906553@*","18172906553","User","113@Romine.sol","yes","Romine.sol"
"sip:18172906554@*","18172906554","User","300@Romine.sol","yes","Romine.sol"
"sip:18173361682@*","18173361682","User","114@Romine.sol","yes","Romine.sol"
"sip:18173364633@*","18173364633","User","18173364633@Romine.sol","yes","Romine.sol"
"sip:18173364634@*","18173364634","User","18173364634@Romine.sol","yes","Romine.sol"
"sip:18173364635@*","18173364635","User","115@Romine.sol","yes","Romine.sol"
"sip:18173364641@*","18173364641","Available",,"no","Romine.sol"
"sip:18173364642@*","18173364642","Available",,"no","Romine.sol"
"sip:12148313343@*","12148313343","User","12148313343@SentinelEdge.sol","yes","SentinelEdge.sol"
"sip:15023991539@*","15023991539","User","108@SentinelEdge.sol","yes","SentinelEdge.sol"
"sip:15023991540@*","15023991540","Available",,"yes","SentinelEdge.sol"
"sip:15023991541@*","15023991541","Available",,"yes","SentinelEdge.sol"
"sip:15023991542@*","15023991542","Available",,"yes","SentinelEdge.sol"
"sip:15023991544@*","15023991544","Available",,"no","SentinelEdge.sol"
"sip:16022820830@*","16022820830","User","109@SentinelEdge.sol","yes","SentinelEdge.sol"
"sip:16022820831@*","16022820831","User","104@SentinelEdge.sol","yes","SentinelEdge.sol"
"sip:16022820833@*","16022820833","User","105@SentinelEdge.sol","yes","SentinelEdge.sol"
"sip:16022820834@*","16022820834","User","107@SentinelEdge.sol","yes","SentinelEdge.sol"
"sip:16023620743@*","16023620743","Available",,"yes","SentinelEdge.sol"
"sip:16028834506@*","16028834506","User","110@SentinelEdge.sol","yes","SentinelEdge.sol"
"sip:16028834532@*","16028834532","User","108@SentinelEdge.sol","yes","SentinelEdge.sol"
"sip:18172904229@*","18172904229","User","102@SentinelEdge.sol","yes","SentinelEdge.sol"
"sip:18172904426@*","18172904426","User","106@SentinelEdge.sol","yes","SentinelEdge.sol"
"sip:18172906030@*","18172906030","User","18172906030@SentinelEdge.sol","yes","SentinelEdge.sol"
"sip:18174151475@*","18174151475","User","111@SentinelEdge.sol","yes","SentinelEdge.sol"
"sip:18174152640@*","18174152640","User","103@SentinelEdge.sol","yes","SentinelEdge.sol"
"sip:18174380411@*","18174380411","Available",,"yes","SentinelEdge.sol"
"sip:18176322939@*","18176322939","User","100@SentinelEdge.sol","yes","SentinelEdge.sol"
"sip:18176771511@*","18176771511","User","101@SentinelEdge.sol","yes","SentinelEdge.sol"
"sip:18177259413@*","18177259413","Available",,"yes","SentinelEdge.sol"
"sip:15023991575@*","15023991575","User","200@solytics","yes","solytics"
"sip:16822826423@*","16822826423","User","199@solytics","yes","solytics"
"sip:19182213092@*","19182213092","User","100@solytics","yes","solytics"
